<?xml version="1.0" encoding="UTF-8"?>
<assembly
	xmlns="http://maven.apache.org/plugins/maven-assembly-plugin/assembly/1.1.2"
	xmlns:xsi="http://www.w3.org/2001/XMLSchema-instance"
	xsi:schemaLocation="http://maven.apache.org/plugins/maven-assembly-plugin/assembly/1.1.2 http://maven.apache.org/xsd/assembly-1.1.2.xsd">
	<id>bin</id>
	<includeBaseDirectory>false</includeBaseDirectory>
	<formats>
		<format>zip</format>
	</formats>

	<files>
		<file> <!-- jobInfo.properties -->
			<source>${basedir}/src/main/templates/jobInfo_template.properties
			</source>
			<outputDirectory>.</outputDirectory>
			<destName>jobInfo.properties</destName>
			<filtered>true</filtered>
		</file>
		<file> <!-- sh -->
			<source>${basedir}/src/main/templates/Job_run_template.sh</source>
			<outputDirectory>${talend.job.name}</outputDirectory>
			<destName>${talend.job.name}_run.sh</destName>
			<filtered>true</filtered>
		</file>
		<file> <!-- bat -->
			<source>${basedir}/src/main/templates/Job_run_template.bat</source>
			<outputDirectory>${talend.job.name}</outputDirectory>
			<destName>${talend.job.name}_run.bat</destName>
			<filtered>true</filtered>
		</file>
		<file> <!-- ps1 -->
			<source>${basedir}/src/main/templates/Job_run_template.ps1</source>
			<outputDirectory>${talend.job.name}</outputDirectory>
			<destName>${talend.job.name}_run.ps1</destName>
			<filtered>true</filtered>
		</file>
	</files>

	<fileSets>
		<fileSet><!-- templates -->
			<directory>${templates.dir}</directory>
			<outputDirectory>${talend.job.name}/src/main/templates/
			</outputDirectory>
			<includes>
				<include>**</include>
			</includes>
		</fileSet>
		<fileSet><!-- log4j resources -->
			<directory>${log4j.resources.dir}</directory>
			<outputDirectory>${output.resources.dir}/
			</outputDirectory>
			<includes>
				<include>log4j.xml</include>
			</includes>
		</fileSet>
		<fileSet><!-- log4j.xml for running -->
			<directory>${log4j.running.dir}</directory>
			<outputDirectory>${talend.job.name}</outputDirectory>
			<includes>
				<include>log4j.xml</include>
			</includes>
		</fileSet>
		<fileSet><!-- xmlMappings resources -->
			<directory>${xmlMappings.resources.dir}</directory>
			<outputDirectory>${output.resources.dir}/xmlMappings/
			</outputDirectory>
			<includes>
				<include>**/*.*</include>
			</includes>
		</fileSet>
		<fileSet><!-- xmlMappings for running -->
			<directory>${xmlMappings.running.dir}</directory>
			<outputDirectory>${talend.job.name}/xmlMappings/
			</outputDirectory>
			<includes>
				<include>**/*.*</include>
			</includes>
		</fileSet>
		<fileSet><!-- rules resources -->
			<directory>${rules.resources.dir}</directory>
			<outputDirectory>${output.resources.dir}/rules/
			</outputDirectory>
			<includes>
				<include>**/*.*</include>
			</includes>
		</fileSet>
		<fileSet><!-- assembly_*.xml -->
			<directory>${assemblies.dir}</directory>
			<outputDirectory>${talend.job.name}/src/main/assemblies/
			</outputDirectory>
			<includes>
				<include>assembly.xml</include>
			</includes>
		</fileSet>
		<fileSet><!-- pom_*.xml -->
			<directory>${poms.dir}</directory>
			<outputDirectory>${talend.job.name}</outputDirectory>
			<includes>
				<include>pom.xml</include>
			</includes>
		</fileSet>
		<fileSet> <!-- add items -->
			<directory>${items.dir}</directory>
			<outputDirectory>${talend.job.name}</outputDirectory>
			<includes>
				<include>**</include>
			</includes>
		</fileSet>
		<fileSet> <!-- add java source codes -->
			<directory>${sourcecodes.dir}</directory>
			<outputDirectory>${talend.job.name}/src/main/java/</outputDirectory>
			<includes>
				<include>${talend.job.path}/**</include>
			</includes>
		</fileSet>
		<fileSet><!-- add context resources -->
			<directory>${resources.dir}</directory>
			<outputDirectory>${output.resources.dir}/
			</outputDirectory>
			<includes>
				<include>${talend.job.path}/**</include>
			</includes>
		</fileSet>
		<fileSet><!-- add test source codes -->
			<directory>${test.sourcecodes.dir}</directory>
			<outputDirectory>${talend.job.name}/src/test/java/</outputDirectory>
			<includes>
				<include>${talend.job.path}/**</include>
			</includes>
		</fileSet>
		<fileSet><!-- add test context resources -->
			<directory>${test.resources.dir}</directory>
			<outputDirectory>${talend.job.name}/src/test/resources/
			</outputDirectory>
			<includes>
				<include>${talend.job.path}/**</include>
			</includes>
		</fileSet>
		<fileSet><!-- junits reports -->
			<directory>${test.reports.dir}</directory>
			<outputDirectory>sunfire-reports</outputDirectory>
			<includes>
				<include>**/*.*</include>
			</includes>
		</fileSet>
		<fileSet><!-- add all resources for running -->
			<directory>${contexts.running.dir}</directory>
			<outputDirectory>${talend.job.name}</outputDirectory>
			<includes>
				<include>**/*.*</include>
			</includes>
		</fileSet>
		<!-- If have children jobs, will add here -->
		<fileSet><!-- microservice config files -->
			<directory>${microservice.configs.dir}</directory>
			<outputDirectory>${file.separator}</outputDirectory>
			<includes>
				<include>config/**</include>
			</includes>
		</fileSet>
		<fileSet><!-- microservice running config files -->
			<directory>${microservice.running.configs.dir}</directory>
			<outputDirectory>${talend.job.name}</outputDirectory>
			<includes>
				<include>config/**</include>
			</includes>
		</fileSet>
		<fileSet><!-- survivorship rules -->
			<directory>${survivorship.rules.dir}</directory>
			<outputDirectory>${talend.job.name}/items/${talend.project.name.lowercase}/metadata/survivorship/</outputDirectory>
			<includes>
			</includes>
		</fileSet>
	</fileSets>
	<dependencySets>
		<dependencySet>
			<outputDirectory>lib</outputDirectory>
			<includes>
				<include>org.talend.libraries:activation</include>
				<include>org.talend.libraries:com.ibm.mq-8.0.0.4</include>
				<include>org.talend.libraries:com.ibm.mq.allclient-8.0.0.4</include>
				<include>org.talend.libraries:com.ibm.mqjms-8.0.0.4</include>
				<include>org.talend.libraries:dom4j-1.6.1</include>
				<include>org.talend.libraries:jaxen-1.1.1</include>
				<include>org.talend.libraries:jms</include>
				<include>org.talend.libraries:log4j-1.2.16</include>
				<include>org.talend.libraries:mail-1.4</include>
				<include>org.talend.libraries:talendMQRFH2</include>
				<include>org.talend.libraries:talendcsv</include>
				<include>org.talend.libraries:websphere-connector-1_5</include>
				<include>org.example.westpacone_realtime_adapters.code:routines</include>
				<include>org.talend.libraries:commons-collections-3.2.2</include>
				<include>org.talend.libraries:log4j-1.2.15</include>
				<include>org.talend.libraries:jboss-serialization</include>
				<include>org.talend.libraries:talend_DB_mssqlUtil-1.2-20171017</include>
				<include>org.talend.libraries:advancedPersistentLookupLib-1.2</include>
				<include>org.talend.libraries:trove</include>
				<include>org.talend.libraries:talend_file_enhanced_20070724</include>
				<include>org.talend.libraries:mssql-jdbc</include>
			</includes>
			<!-- without version for talend libraries -->
			<outputFileNameMapping>${artifact.artifactId}.${artifact.extension}
			</outputFileNameMapping>
			<useProjectArtifact>false</useProjectArtifact>
		</dependencySet>
		<dependencySet>
			<outputDirectory>lib</outputDirectory>
			<includes>
				<include>null:null</include>
			</includes>
			<useProjectArtifact>false</useProjectArtifact>
		</dependencySet>
		<!-- for all jobs -->
		<dependencySet>
			<outputDirectory>${talend.job.name}</outputDirectory>
			<includes>
				<include>org.example.westpacone_realtime_adapters.job:non_financials</include>
			</includes>
			<outputFileNameMapping>${artifact.build.finalName}.${artifact.extension}</outputFileNameMapping>
			<useProjectArtifact>true</useProjectArtifact>
		</dependencySet>
	</dependencySets>
</assembly>
